"",".id","xbin","zbin","bin.hits","sky.hits","can.hits","lidar.pulses","Freq","hit.count","phi","dee","x.counter","sum.dee","fee","cvr","olai","vai"
"1","1",1,0,0,0,127,266,1,0,1,0,1,0.269476107955208,0,0,1.2648528417038,0
"2","1",1,1,0,0,127,266,1,0,1,0,1,0.269476107955208,0,0,1.2648528417038,0
"3","1",1,2,0,0,127,266,1,0,1,0,1,0.269476107955208,0,0,1.2648528417038,0
"4","1",1,3,0,0,127,266,1,0,1,0,1,0.269476107955208,0,0,1.2648528417038,0
"5","1",1,4,0,0,127,266,1,0,1,0,1,0.269476107955208,0,0,1.2648528417038,0
"6","1",1,5,0,0,127,266,1,0,1,0,1,0.269476107955208,0,0,1.2648528417038,0
"7","1",1,6,0,0,127,266,1,0,1,0,1,0.269476107955208,0,0,1.2648528417038,0
"8","1",1,7,0,0,127,266,1,0,1,0,1,0.269476107955208,0,0,1.2648528417038,0
"9","1",1,8,0,0,127,266,1,0,1,0,1,0.269476107955208,0,0,1.2648528417038,0
"10","1",1,9,0,0,127,266,1,0,1,0,1,0.269476107955208,0,0,1.2648528417038,0
"11","1",1,10,0,0,127,266,1,0,1,0,1,0.269476107955208,0,0,1.2648528417038,0
"12","1",1,11,0,0,127,266,1,0,1,0,1,0.269476107955208,0,0,1.2648528417038,0
"13","1",1,12,0,0,127,266,1,0,1,0,1,0.269476107955208,0,0,1.2648528417038,0
"14","1",1,13,30,139,127,266,1,30,0.763779527559055,0.269476107955208,1,0.269476107955208,1,0.236220472440945,1.2648528417038,0.298784135835543
"15","1",1,14,97,139,127,266,1,127,0,0,1,0.269476107955208,0,0.763779527559055,1.2648528417038,0.966068705868255
"16","1",1,15,0,0,127,266,1,127,0,0,1,0.269476107955208,0,0,1.2648528417038,0
"17","2",2,0,0,0,262,265,1,0,1,0,1,0.326597488701454,0,0,7.05154621533333,0
"18","2",2,1,0,0,262,265,1,0,1,0,1,0.326597488701454,0,0,7.05154621533333,0
"19","2",2,2,0,0,262,265,1,0,1,0,1,0.326597488701454,0,0,7.05154621533333,0
"20","2",2,3,0,0,262,265,1,0,1,0,1,0.326597488701454,0,0,7.05154621533333,0
"21","2",2,4,0,0,262,265,1,0,1,0,1,0.326597488701454,0,0,7.05154621533333,0
"22","2",2,5,0,0,262,265,1,0,1,0,1,0.326597488701454,0,0,7.05154621533333,0
"23","2",2,6,0,0,262,265,1,0,1,0,1,0.326597488701454,0,0,7.05154621533333,0
"24","2",2,7,0,0,262,265,1,0,1,0,1,0.326597488701454,0,0,7.05154621533333,0
"25","2",2,8,0,0,262,265,1,0,1,0,1,0.326597488701454,0,0,7.05154621533333,0
"26","2",2,9,0,0,262,265,1,0,1,0,1,0.326597488701454,0,0,7.05154621533333,0
"27","2",2,10,0,0,262,265,1,0,1,0,1,0.326597488701454,0,0,7.05154621533333,0
"28","2",2,11,0,0,262,265,1,0,1,0,1,0.326597488701454,0,0,7.05154621533333,0
"29","2",2,12,0,0,262,265,1,0,1,0,1,0.326597488701454,0,0,7.05154621533333,0
"30","2",2,13,73,3,262,265,1,73,0.721374045801527,0.326597488701454,1,0.326597488701454,1,0.278625954198473,7.05154621533333,1.96474379282188
"31","2",2,14,189,3,262,265,1,262,0,0,1,0.326597488701454,0,0.721374045801527,7.05154621533333,5.08680242251145
"32","2",2,15,0,0,262,265,1,262,0,0,1,0.326597488701454,0,0,7.05154621533333,0
"33","3",3,0,0,0,230,265,1,0,1,0,1,1.52605630349505,0,0,3.82146356037837,0
"34","3",3,1,0,0,230,265,1,0,1,0,1,1.52605630349505,0,0,3.82146356037837,0
"35","3",3,2,0,0,230,265,1,0,1,0,1,1.52605630349505,0,0,3.82146356037837,0
"36","3",3,3,0,0,230,265,1,0,1,0,1,1.52605630349505,0,0,3.82146356037837,0
"37","3",3,4,0,0,230,265,1,0,1,0,1,1.52605630349505,0,0,3.82146356037837,0
"38","3",3,5,0,0,230,265,1,0,1,0,1,1.52605630349505,0,0,3.82146356037837,0
"39","3",3,6,0,0,230,265,1,0,1,0,1,1.52605630349505,0,0,3.82146356037837,0
"40","3",3,7,0,0,230,265,1,0,1,0,1,1.52605630349505,0,0,3.82146356037837,0
"41","3",3,8,0,0,230,265,1,0,1,0,1,1.52605630349505,0,0,3.82146356037837,0
"42","3",3,9,0,0,230,265,1,0,1,0,1,1.52605630349505,0,0,3.82146356037837,0
"43","3",3,10,0,0,230,265,1,0,1,0,1,1.52605630349505,0,0,3.82146356037837,0
"44","3",3,11,0,0,230,265,1,0,1,0,1,1.52605630349505,0,0,3.82146356037837,0
"45","3",3,12,0,0,230,265,1,0,1,0,1,1.52605630349505,0,0,3.82146356037837,0
"46","3",3,13,1,35,230,265,1,1,0.995652173913044,0.00435730536895563,1,1.52605630349505,0.00285527169539965,0.00434782608695652,3.82146356037837,0.0166150589581668
"47","3",3,14,179,35,230,265,1,180,0.217391304347826,1.52169899812609,1,1.52605630349505,0.9971447283046,0.778260869565217,3.82146356037837,2.97409555351186
"48","3",3,15,50,35,230,265,1,230,0,0,1,1.52605630349505,0,0.217391304347826,3.82146356037837,0.830752947908341
"49","4",4,0,0,0,232,265,1,0,1,0,1,1.75785791755237,0,0,3.92419720048555,0
"50","4",4,1,0,0,232,265,1,0,1,0,1,1.75785791755237,0,0,3.92419720048555,0
"51","4",4,2,0,0,232,265,1,0,1,0,1,1.75785791755237,0,0,3.92419720048555,0
"52","4",4,3,0,0,232,265,1,0,1,0,1,1.75785791755237,0,0,3.92419720048555,0
"53","4",4,4,0,0,232,265,1,0,1,0,1,1.75785791755237,0,0,3.92419720048555,0
"54","4",4,5,0,0,232,265,1,0,1,0,1,1.75785791755237,0,0,3.92419720048555,0
"55","4",4,6,0,0,232,265,1,0,1,0,1,1.75785791755237,0,0,3.92419720048555,0
"56","4",4,7,0,0,232,265,1,0,1,0,1,1.75785791755237,0,0,3.92419720048555,0
"57","4",4,8,0,0,232,265,1,0,1,0,1,1.75785791755237,0,0,3.92419720048555,0
"58","4",4,9,0,0,232,265,1,0,1,0,1,1.75785791755237,0,0,3.92419720048555,0
"59","4",4,10,0,0,232,265,1,0,1,0,1,1.75785791755237,0,0,3.92419720048555,0
"60","4",4,11,0,0,232,265,1,0,1,0,1,1.75785791755237,0,0,3.92419720048555,0
"61","4",4,12,0,0,232,265,1,0,1,0,1,1.75785791755237,0,0,3.92419720048555,0
"62","4",4,13,190,33,232,265,1,190,0.181034482758621,1.70906775338294,1,1.75785791755237,0.972244534849912,0.818965517241379,3.92419720048555,3.21378219005282
"63","4",4,14,2,33,232,265,1,192,0.172413793103448,0.048790164169432,1,1.75785791755237,0.0277554651500885,0.00862068965517241,3.92419720048555,0.0338292862110823
"64","4",4,15,40,33,232,265,1,232,0,0,1,1.75785791755237,0,0.172413793103448,3.92419720048555,0.676585724221646
"65","5",5,0,0,0,243,266,1,0,1,0,1,1.450010175506,0,0,4.54220926226938,0
"66","5",5,1,0,0,243,266,1,0,1,0,1,1.450010175506,0,0,4.54220926226938,0
"67","5",5,2,0,0,243,266,1,0,1,0,1,1.450010175506,0,0,4.54220926226938,0
"68","5",5,3,0,0,243,266,1,0,1,0,1,1.450010175506,0,0,4.54220926226938,0
"69","5",5,4,0,0,243,266,1,0,1,0,1,1.450010175506,0,0,4.54220926226938,0
"70","5",5,5,0,0,243,266,1,0,1,0,1,1.450010175506,0,0,4.54220926226938,0
"71","5",5,6,0,0,243,266,1,0,1,0,1,1.450010175506,0,0,4.54220926226938,0
"72","5",5,7,0,0,243,266,1,0,1,0,1,1.450010175506,0,0,4.54220926226938,0
"73","5",5,8,0,0,243,266,1,0,1,0,1,1.450010175506,0,0,4.54220926226938,0
"74","5",5,9,0,0,243,266,1,0,1,0,1,1.450010175506,0,0,4.54220926226938,0
"75","5",5,10,0,0,243,266,1,0,1,0,1,1.450010175506,0,0,4.54220926226938,0
"76","5",5,11,11,23,243,266,1,11,0.954732510288066,0.0463240716742386,1,1.450010175506,0.0319474114435599,0.0452674897119342,4.54220926226938,0.205614411049231
"77","5",5,12,19,23,243,266,1,30,0.876543209876543,0.0854452059568848,1,1.450010175506,0.0589273147183727,0.0781893004115226,4.54220926226938,0.355152164539581
"78","5",5,13,103,23,243,266,1,133,0.452674897119342,0.660811799917009,1,1.450010175506,0.455729077684859,0.423868312757202,4.54220926226938,1.92529857618826
"79","5",5,14,53,23,243,266,1,186,0.234567901234568,0.657429097957866,1,1.450010175506,0.453396196153209,0.218106995884774,4.54220926226938,0.990687616873568
"80","5",5,15,57,23,243,266,1,243,0,0,1,1.450010175506,0,0.234567901234568,4.54220926226938,1.06545649361874
"81","6",6,0,0,0,212,265,1,0,1,0,1,0.147100121830591,0,0,3.07746957149945,0
"82","6",6,1,0,0,212,265,1,0,1,0,1,0.147100121830591,0,0,3.07746957149945,0
"83","6",6,2,0,0,212,265,1,0,1,0,1,0.147100121830591,0,0,3.07746957149945,0
"84","6",6,3,0,0,212,265,1,0,1,0,1,0.147100121830591,0,0,3.07746957149945,0
"85","6",6,4,0,0,212,265,1,0,1,0,1,0.147100121830591,0,0,3.07746957149945,0
"86","6",6,5,0,0,212,265,1,0,1,0,1,0.147100121830591,0,0,3.07746957149945,0
"87","6",6,6,0,0,212,265,1,0,1,0,1,0.147100121830591,0,0,3.07746957149945,0
"88","6",6,7,0,0,212,265,1,0,1,0,1,0.147100121830591,0,0,3.07746957149945,0
"89","6",6,8,0,0,212,265,1,0,1,0,1,0.147100121830591,0,0,3.07746957149945,0
"90","6",6,9,0,0,212,265,1,0,1,0,1,0.147100121830591,0,0,3.07746957149945,0
"91","6",6,10,0,0,212,265,1,0,1,0,1,0.147100121830591,0,0,3.07746957149945,0
"92","6",6,11,0,0,212,265,1,0,1,0,1,0.147100121830591,0,0,3.07746957149945,0
"93","6",6,12,29,53,212,265,1,29,0.863207547169811,0.147100121830591,1,0.147100121830591,1,0.136792452830189,3.07746957149945,0.42097461119568
"94","6",6,13,183,53,212,265,1,212,0,0,1,0.147100121830591,0,0.863207547169811,3.07746957149945,2.65649496030377
"95","6",6,14,0,0,212,265,1,212,0,0,1,0.147100121830591,0,0,3.07746957149945,0
"96","6",6,15,0,0,212,265,1,212,0,0,1,0.147100121830591,0,0,3.07746957149945,0
"97","7",7,0,0,0,94,265,1,0,1,0,1,3.85014760171006,0,0,0.856096741353376,0
"98","7",7,1,0,0,94,265,1,0,1,0,1,3.85014760171006,0,0,0.856096741353376,0
"99","7",7,2,0,0,94,265,1,0,1,0,1,3.85014760171006,0,0,0.856096741353376,0
"100","7",7,3,0,0,94,265,1,0,1,0,1,3.85014760171006,0,0,0.856096741353376,0
"101","7",7,4,0,0,94,265,1,0,1,0,1,3.85014760171006,0,0,0.856096741353376,0
"102","7",7,5,0,0,94,265,1,0,1,0,1,3.85014760171006,0,0,0.856096741353376,0
"103","7",7,6,0,0,94,265,1,0,1,0,1,3.85014760171006,0,0,0.856096741353376,0
"104","7",7,7,0,0,94,265,1,0,1,0,1,3.85014760171006,0,0,0.856096741353376,0
"105","7",7,8,0,0,94,265,1,0,1,0,1,3.85014760171006,0,0,0.856096741353376,0
"106","7",7,9,0,0,94,265,1,0,1,0,1,3.85014760171006,0,0,0.856096741353376,0
"107","7",7,10,0,0,94,265,1,0,1,0,1,3.85014760171006,0,0,0.856096741353376,0
"108","7",7,11,0,0,94,265,1,0,1,0,1,3.85014760171006,0,0,0.856096741353376,0
"109","7",7,12,92,171,94,265,1,92,0.0212765957446809,3.85014760171006,1,3.85014760171006,1,0.978723404255319,0.856096741353376,0.837881917069262
"110","7",7,13,2,171,94,265,1,94,0,0,1,3.85014760171006,0,0.0212765957446809,0.856096741353376,0.0182148242841144
"111","7",7,14,0,0,94,265,1,94,0,0,1,3.85014760171006,0,0,0.856096741353376,0
"112","7",7,15,0,0,94,265,1,94,0,0,1,3.85014760171006,0,0,0.856096741353376,0
"113","8",8,0,0,265,0,265,1,0,0,0,1,0,0,0,0,0
"114","8",8,1,0,0,0,265,1,0,0,0,1,0,0,0,0,0
"115","8",8,2,0,0,0,265,1,0,0,0,1,0,0,0,0,0
"116","8",8,3,0,0,0,265,1,0,0,0,1,0,0,0,0,0
"117","8",8,4,0,0,0,265,1,0,0,0,1,0,0,0,0,0
"118","8",8,5,0,0,0,265,1,0,0,0,1,0,0,0,0,0
"119","8",8,6,0,0,0,265,1,0,0,0,1,0,0,0,0,0
"120","8",8,7,0,0,0,265,1,0,0,0,1,0,0,0,0,0
"121","8",8,8,0,0,0,265,1,0,0,0,1,0,0,0,0,0
"122","8",8,9,0,0,0,265,1,0,0,0,1,0,0,0,0,0
"123","8",8,10,0,0,0,265,1,0,0,0,1,0,0,0,0,0
"124","8",8,11,0,0,0,265,1,0,0,0,1,0,0,0,0,0
"125","8",8,12,0,0,0,265,1,0,0,0,1,0,0,0,0,0
"126","8",8,13,0,0,0,265,1,0,0,0,1,0,0,0,0,0
"127","8",8,14,0,0,0,265,1,0,0,0,1,0,0,0,0,0
"128","8",8,15,0,0,0,265,1,0,0,0,1,0,0,0,0,0
"129","9",9,0,0,265,0,265,1,0,0,0,1,0,0,0,0,0
"130","9",9,1,0,0,0,265,1,0,0,0,1,0,0,0,0,0
"131","9",9,2,0,0,0,265,1,0,0,0,1,0,0,0,0,0
"132","9",9,3,0,0,0,265,1,0,0,0,1,0,0,0,0,0
"133","9",9,4,0,0,0,265,1,0,0,0,1,0,0,0,0,0
"134","9",9,5,0,0,0,265,1,0,0,0,1,0,0,0,0,0
"135","9",9,6,0,0,0,265,1,0,0,0,1,0,0,0,0,0
"136","9",9,7,0,0,0,265,1,0,0,0,1,0,0,0,0,0
"137","9",9,8,0,0,0,265,1,0,0,0,1,0,0,0,0,0
"138","9",9,9,0,0,0,265,1,0,0,0,1,0,0,0,0,0
"139","9",9,10,0,0,0,265,1,0,0,0,1,0,0,0,0,0
"140","9",9,11,0,0,0,265,1,0,0,0,1,0,0,0,0,0
"141","9",9,12,0,0,0,265,1,0,0,0,1,0,0,0,0,0
"142","9",9,13,0,0,0,265,1,0,0,0,1,0,0,0,0,0
"143","9",9,14,0,0,0,265,1,0,0,0,1,0,0,0,0,0
"144","9",9,15,0,0,0,265,1,0,0,0,1,0,0,0,0,0
"145","10",10,0,0,265,0,265,1,0,0,0,1,0,0,0,0,0
"146","10",10,1,0,0,0,265,1,0,0,0,1,0,0,0,0,0
"147","10",10,2,0,0,0,265,1,0,0,0,1,0,0,0,0,0
"148","10",10,3,0,0,0,265,1,0,0,0,1,0,0,0,0,0
"149","10",10,4,0,0,0,265,1,0,0,0,1,0,0,0,0,0
"150","10",10,5,0,0,0,265,1,0,0,0,1,0,0,0,0,0
"151","10",10,6,0,0,0,265,1,0,0,0,1,0,0,0,0,0
"152","10",10,7,0,0,0,265,1,0,0,0,1,0,0,0,0,0
"153","10",10,8,0,0,0,265,1,0,0,0,1,0,0,0,0,0
"154","10",10,9,0,0,0,265,1,0,0,0,1,0,0,0,0,0
"155","10",10,10,0,0,0,265,1,0,0,0,1,0,0,0,0,0
"156","10",10,11,0,0,0,265,1,0,0,0,1,0,0,0,0,0
"157","10",10,12,0,0,0,265,1,0,0,0,1,0,0,0,0,0
"158","10",10,13,0,0,0,265,1,0,0,0,1,0,0,0,0,0
"159","10",10,14,0,0,0,265,1,0,0,0,1,0,0,0,0,0
"160","10",10,15,0,0,0,265,1,0,0,0,1,0,0,0,0,0
"161","11",11,0,0,230,0,230,1,0,0,0,1,0,0,0,0,0
"162","11",11,1,0,0,0,230,1,0,0,0,1,0,0,0,0,0
"163","11",11,2,0,0,0,230,1,0,0,0,1,0,0,0,0,0
"164","11",11,3,0,0,0,230,1,0,0,0,1,0,0,0,0,0
"165","11",11,4,0,0,0,230,1,0,0,0,1,0,0,0,0,0
"166","11",11,5,0,0,0,230,1,0,0,0,1,0,0,0,0,0
"167","11",11,6,0,0,0,230,1,0,0,0,1,0,0,0,0,0
"168","11",11,7,0,0,0,230,1,0,0,0,1,0,0,0,0,0
"169","11",11,8,0,0,0,230,1,0,0,0,1,0,0,0,0,0
"170","11",11,9,0,0,0,230,1,0,0,0,1,0,0,0,0,0
"171","11",11,10,0,0,0,230,1,0,0,0,1,0,0,0,0,0
"172","11",11,11,0,0,0,230,1,0,0,0,1,0,0,0,0,0
"173","11",11,12,0,0,0,230,1,0,0,0,1,0,0,0,0,0
"174","11",11,13,0,0,0,230,1,0,0,0,1,0,0,0,0,0
"175","11",11,14,0,0,0,230,1,0,0,0,1,0,0,0,0,0
"176","11",11,15,0,0,0,230,1,0,0,0,1,0,0,0,0,0
"177","12",12,0,0,230,0,230,1,0,0,0,1,0,0,0,0,0
"178","12",12,1,0,0,0,230,1,0,0,0,1,0,0,0,0,0
"179","12",12,2,0,0,0,230,1,0,0,0,1,0,0,0,0,0
"180","12",12,3,0,0,0,230,1,0,0,0,1,0,0,0,0,0
"181","12",12,4,0,0,0,230,1,0,0,0,1,0,0,0,0,0
"182","12",12,5,0,0,0,230,1,0,0,0,1,0,0,0,0,0
"183","12",12,6,0,0,0,230,1,0,0,0,1,0,0,0,0,0
"184","12",12,7,0,0,0,230,1,0,0,0,1,0,0,0,0,0
"185","12",12,8,0,0,0,230,1,0,0,0,1,0,0,0,0,0
"186","12",12,9,0,0,0,230,1,0,0,0,1,0,0,0,0,0
"187","12",12,10,0,0,0,230,1,0,0,0,1,0,0,0,0,0
"188","12",12,11,0,0,0,230,1,0,0,0,1,0,0,0,0,0
"189","12",12,12,0,0,0,230,1,0,0,0,1,0,0,0,0,0
"190","12",12,13,0,0,0,230,1,0,0,0,1,0,0,0,0,0
"191","12",12,14,0,0,0,230,1,0,0,0,1,0,0,0,0,0
"192","12",12,15,0,0,0,230,1,0,0,0,1,0,0,0,0,0
"193","13",13,0,0,230,0,230,1,0,0,0,1,0,0,0,0,0
"194","13",13,1,0,0,0,230,1,0,0,0,1,0,0,0,0,0
"195","13",13,2,0,0,0,230,1,0,0,0,1,0,0,0,0,0
"196","13",13,3,0,0,0,230,1,0,0,0,1,0,0,0,0,0
"197","13",13,4,0,0,0,230,1,0,0,0,1,0,0,0,0,0
"198","13",13,5,0,0,0,230,1,0,0,0,1,0,0,0,0,0
"199","13",13,6,0,0,0,230,1,0,0,0,1,0,0,0,0,0
"200","13",13,7,0,0,0,230,1,0,0,0,1,0,0,0,0,0
"201","13",13,8,0,0,0,230,1,0,0,0,1,0,0,0,0,0
"202","13",13,9,0,0,0,230,1,0,0,0,1,0,0,0,0,0
"203","13",13,10,0,0,0,230,1,0,0,0,1,0,0,0,0,0
"204","13",13,11,0,0,0,230,1,0,0,0,1,0,0,0,0,0
"205","13",13,12,0,0,0,230,1,0,0,0,1,0,0,0,0,0
"206","13",13,13,0,0,0,230,1,0,0,0,1,0,0,0,0,0
"207","13",13,14,0,0,0,230,1,0,0,0,1,0,0,0,0,0
"208","13",13,15,0,0,0,230,1,0,0,0,1,0,0,0,0,0
"209","14",14,0,0,230,0,230,1,0,0,0,1,0,0,0,0,0
"210","14",14,1,0,0,0,230,1,0,0,0,1,0,0,0,0,0
"211","14",14,2,0,0,0,230,1,0,0,0,1,0,0,0,0,0
"212","14",14,3,0,0,0,230,1,0,0,0,1,0,0,0,0,0
"213","14",14,4,0,0,0,230,1,0,0,0,1,0,0,0,0,0
"214","14",14,5,0,0,0,230,1,0,0,0,1,0,0,0,0,0
"215","14",14,6,0,0,0,230,1,0,0,0,1,0,0,0,0,0
"216","14",14,7,0,0,0,230,1,0,0,0,1,0,0,0,0,0
"217","14",14,8,0,0,0,230,1,0,0,0,1,0,0,0,0,0
"218","14",14,9,0,0,0,230,1,0,0,0,1,0,0,0,0,0
"219","14",14,10,0,0,0,230,1,0,0,0,1,0,0,0,0,0
"220","14",14,11,0,0,0,230,1,0,0,0,1,0,0,0,0,0
"221","14",14,12,0,0,0,230,1,0,0,0,1,0,0,0,0,0
"222","14",14,13,0,0,0,230,1,0,0,0,1,0,0,0,0,0
"223","14",14,14,0,0,0,230,1,0,0,0,1,0,0,0,0,0
"224","14",14,15,0,0,0,230,1,0,0,0,1,0,0,0,0,0
"225","15",15,0,0,230,0,230,1,0,0,0,1,0,0,0,0,0
"226","15",15,1,0,0,0,230,1,0,0,0,1,0,0,0,0,0
"227","15",15,2,0,0,0,230,1,0,0,0,1,0,0,0,0,0
"228","15",15,3,0,0,0,230,1,0,0,0,1,0,0,0,0,0
"229","15",15,4,0,0,0,230,1,0,0,0,1,0,0,0,0,0
"230","15",15,5,0,0,0,230,1,0,0,0,1,0,0,0,0,0
"231","15",15,6,0,0,0,230,1,0,0,0,1,0,0,0,0,0
"232","15",15,7,0,0,0,230,1,0,0,0,1,0,0,0,0,0
"233","15",15,8,0,0,0,230,1,0,0,0,1,0,0,0,0,0
"234","15",15,9,0,0,0,230,1,0,0,0,1,0,0,0,0,0
"235","15",15,10,0,0,0,230,1,0,0,0,1,0,0,0,0,0
"236","15",15,11,0,0,0,230,1,0,0,0,1,0,0,0,0,0
"237","15",15,12,0,0,0,230,1,0,0,0,1,0,0,0,0,0
"238","15",15,13,0,0,0,230,1,0,0,0,1,0,0,0,0,0
"239","15",15,14,0,0,0,230,1,0,0,0,1,0,0,0,0,0
"240","15",15,15,0,0,0,230,1,0,0,0,1,0,0,0,0,0
"241","16",16,0,0,230,0,230,1,0,0,0,1,0,0,0,0,0
"242","16",16,1,0,0,0,230,1,0,0,0,1,0,0,0,0,0
"243","16",16,2,0,0,0,230,1,0,0,0,1,0,0,0,0,0
"244","16",16,3,0,0,0,230,1,0,0,0,1,0,0,0,0,0
"245","16",16,4,0,0,0,230,1,0,0,0,1,0,0,0,0,0
"246","16",16,5,0,0,0,230,1,0,0,0,1,0,0,0,0,0
"247","16",16,6,0,0,0,230,1,0,0,0,1,0,0,0,0,0
"248","16",16,7,0,0,0,230,1,0,0,0,1,0,0,0,0,0
"249","16",16,8,0,0,0,230,1,0,0,0,1,0,0,0,0,0
"250","16",16,9,0,0,0,230,1,0,0,0,1,0,0,0,0,0
"251","16",16,10,0,0,0,230,1,0,0,0,1,0,0,0,0,0
"252","16",16,11,0,0,0,230,1,0,0,0,1,0,0,0,0,0
"253","16",16,12,0,0,0,230,1,0,0,0,1,0,0,0,0,0
"254","16",16,13,0,0,0,230,1,0,0,0,1,0,0,0,0,0
"255","16",16,14,0,0,0,230,1,0,0,0,1,0,0,0,0,0
"256","16",16,15,0,0,0,230,1,0,0,0,1,0,0,0,0,0
"257","17",17,0,0,230,0,230,1,0,0,0,1,0,0,0,0,0
"258","17",17,1,0,0,0,230,1,0,0,0,1,0,0,0,0,0
"259","17",17,2,0,0,0,230,1,0,0,0,1,0,0,0,0,0
"260","17",17,3,0,0,0,230,1,0,0,0,1,0,0,0,0,0
"261","17",17,4,0,0,0,230,1,0,0,0,1,0,0,0,0,0
"262","17",17,5,0,0,0,230,1,0,0,0,1,0,0,0,0,0
"263","17",17,6,0,0,0,230,1,0,0,0,1,0,0,0,0,0
"264","17",17,7,0,0,0,230,1,0,0,0,1,0,0,0,0,0
"265","17",17,8,0,0,0,230,1,0,0,0,1,0,0,0,0,0
"266","17",17,9,0,0,0,230,1,0,0,0,1,0,0,0,0,0
"267","17",17,10,0,0,0,230,1,0,0,0,1,0,0,0,0,0
"268","17",17,11,0,0,0,230,1,0,0,0,1,0,0,0,0,0
"269","17",17,12,0,0,0,230,1,0,0,0,1,0,0,0,0,0
"270","17",17,13,0,0,0,230,1,0,0,0,1,0,0,0,0,0
"271","17",17,14,0,0,0,230,1,0,0,0,1,0,0,0,0,0
"272","17",17,15,0,0,0,230,1,0,0,0,1,0,0,0,0,0
"273","18",18,0,0,230,0,230,1,0,0,0,1,0,0,0,0,0
"274","18",18,1,0,0,0,230,1,0,0,0,1,0,0,0,0,0
"275","18",18,2,0,0,0,230,1,0,0,0,1,0,0,0,0,0
"276","18",18,3,0,0,0,230,1,0,0,0,1,0,0,0,0,0
"277","18",18,4,0,0,0,230,1,0,0,0,1,0,0,0,0,0
"278","18",18,5,0,0,0,230,1,0,0,0,1,0,0,0,0,0
"279","18",18,6,0,0,0,230,1,0,0,0,1,0,0,0,0,0
"280","18",18,7,0,0,0,230,1,0,0,0,1,0,0,0,0,0
"281","18",18,8,0,0,0,230,1,0,0,0,1,0,0,0,0,0
"282","18",18,9,0,0,0,230,1,0,0,0,1,0,0,0,0,0
"283","18",18,10,0,0,0,230,1,0,0,0,1,0,0,0,0,0
"284","18",18,11,0,0,0,230,1,0,0,0,1,0,0,0,0,0
"285","18",18,12,0,0,0,230,1,0,0,0,1,0,0,0,0,0
"286","18",18,13,0,0,0,230,1,0,0,0,1,0,0,0,0,0
"287","18",18,14,0,0,0,230,1,0,0,0,1,0,0,0,0,0
"288","18",18,15,0,0,0,230,1,0,0,0,1,0,0,0,0,0
"289","19",19,0,0,230,0,230,1,0,0,0,1,0,0,0,0,0
"290","19",19,1,0,0,0,230,1,0,0,0,1,0,0,0,0,0
"291","19",19,2,0,0,0,230,1,0,0,0,1,0,0,0,0,0
"292","19",19,3,0,0,0,230,1,0,0,0,1,0,0,0,0,0
"293","19",19,4,0,0,0,230,1,0,0,0,1,0,0,0,0,0
"294","19",19,5,0,0,0,230,1,0,0,0,1,0,0,0,0,0
"295","19",19,6,0,0,0,230,1,0,0,0,1,0,0,0,0,0
"296","19",19,7,0,0,0,230,1,0,0,0,1,0,0,0,0,0
"297","19",19,8,0,0,0,230,1,0,0,0,1,0,0,0,0,0
"298","19",19,9,0,0,0,230,1,0,0,0,1,0,0,0,0,0
"299","19",19,10,0,0,0,230,1,0,0,0,1,0,0,0,0,0
"300","19",19,11,0,0,0,230,1,0,0,0,1,0,0,0,0,0
"301","19",19,12,0,0,0,230,1,0,0,0,1,0,0,0,0,0
"302","19",19,13,0,0,0,230,1,0,0,0,1,0,0,0,0,0
"303","19",19,14,0,0,0,230,1,0,0,0,1,0,0,0,0,0
"304","19",19,15,0,0,0,230,1,0,0,0,1,0,0,0,0,0
"305","20",20,0,0,229,0,229,1,0,0,0,1,0,0,0,0,0
"306","20",20,1,0,0,0,229,1,0,0,0,1,0,0,0,0,0
"307","20",20,2,0,0,0,229,1,0,0,0,1,0,0,0,0,0
"308","20",20,3,0,0,0,229,1,0,0,0,1,0,0,0,0,0
"309","20",20,4,0,0,0,229,1,0,0,0,1,0,0,0,0,0
"310","20",20,5,0,0,0,229,1,0,0,0,1,0,0,0,0,0
"311","20",20,6,0,0,0,229,1,0,0,0,1,0,0,0,0,0
"312","20",20,7,0,0,0,229,1,0,0,0,1,0,0,0,0,0
"313","20",20,8,0,0,0,229,1,0,0,0,1,0,0,0,0,0
"314","20",20,9,0,0,0,229,1,0,0,0,1,0,0,0,0,0
"315","20",20,10,0,0,0,229,1,0,0,0,1,0,0,0,0,0
"316","20",20,11,0,0,0,229,1,0,0,0,1,0,0,0,0,0
"317","20",20,12,0,0,0,229,1,0,0,0,1,0,0,0,0,0
"318","20",20,13,0,0,0,229,1,0,0,0,1,0,0,0,0,0
"319","20",20,14,0,0,0,229,1,0,0,0,1,0,0,0,0,0
"320","20",20,15,0,0,0,229,1,0,0,0,1,0,0,0,0,0
"321","21",21,0,0,229,0,229,1,0,0,0,1,0,0,0,0,0
"322","21",21,1,0,0,0,229,1,0,0,0,1,0,0,0,0,0
"323","21",21,2,0,0,0,229,1,0,0,0,1,0,0,0,0,0
"324","21",21,3,0,0,0,229,1,0,0,0,1,0,0,0,0,0
"325","21",21,4,0,0,0,229,1,0,0,0,1,0,0,0,0,0
"326","21",21,5,0,0,0,229,1,0,0,0,1,0,0,0,0,0
"327","21",21,6,0,0,0,229,1,0,0,0,1,0,0,0,0,0
"328","21",21,7,0,0,0,229,1,0,0,0,1,0,0,0,0,0
"329","21",21,8,0,0,0,229,1,0,0,0,1,0,0,0,0,0
"330","21",21,9,0,0,0,229,1,0,0,0,1,0,0,0,0,0
"331","21",21,10,0,0,0,229,1,0,0,0,1,0,0,0,0,0
"332","21",21,11,0,0,0,229,1,0,0,0,1,0,0,0,0,0
"333","21",21,12,0,0,0,229,1,0,0,0,1,0,0,0,0,0
"334","21",21,13,0,0,0,229,1,0,0,0,1,0,0,0,0,0
"335","21",21,14,0,0,0,229,1,0,0,0,1,0,0,0,0,0
"336","21",21,15,0,0,0,229,1,0,0,0,1,0,0,0,0,0
"337","22",22,0,0,0,89,228,1,0,1,0,1,3.39002408106403,0,0,0.966425295722506,0
"338","22",22,1,0,0,89,228,1,0,1,0,1,3.39002408106403,0,0,0.966425295722506,0
"339","22",22,2,0,0,89,228,1,0,1,0,1,3.39002408106403,0,0,0.966425295722506,0
"340","22",22,3,0,0,89,228,1,0,1,0,1,3.39002408106403,0,0,0.966425295722506,0
"341","22",22,4,0,0,89,228,1,0,1,0,1,3.39002408106403,0,0,0.966425295722506,0
"342","22",22,5,0,0,89,228,1,0,1,0,1,3.39002408106403,0,0,0.966425295722506,0
"343","22",22,6,67,139,89,228,1,67,0.247191011235955,1.39759391637382,1,3.39002408106403,0.412266663290238,0.752808988764045,0.966425295722506,0.727533649588853
"344","22",22,7,19,139,89,228,1,86,0.0337078651685393,1.99243016469021,1,3.39002408106403,0.587733336709762,0.213483146067416,0.966425295722506,0.206315512569973
"345","22",22,8,0,0,89,228,1,86,0.0337078651685393,0,1,3.39002408106403,0,0,0.966425295722506,0
"346","22",22,9,3,139,89,228,1,89,0,0,1,3.39002408106403,0,0.0337078651685393,0.966425295722506,0.03257613356368
"347","22",22,10,0,0,89,228,1,89,0,0,1,3.39002408106403,0,0,0.966425295722506,0
"348","22",22,11,0,0,89,228,1,89,0,0,1,3.39002408106403,0,0,0.966425295722506,0
"349","22",22,12,0,0,89,228,1,89,0,0,1,3.39002408106403,0,0,0.966425295722506,0
"350","22",22,13,0,0,89,228,1,89,0,0,1,3.39002408106403,0,0,0.966425295722506,0
"351","22",22,14,0,0,89,228,1,89,0,0,1,3.39002408106403,0,0,0.966425295722506,0
"352","22",22,15,0,0,89,228,1,89,0,0,1,3.39002408106403,0,0,0.966425295722506,0
"353","23",23,0,0,0,228,228,1,0,1,0,1,5.43372200355424,0,0,8,0
"354","23",23,1,0,0,228,228,1,0,1,0,1,5.43372200355424,0,0,8,0
"355","23",23,2,0,0,228,228,1,0,1,0,1,5.43372200355424,0,0,8,0
"356","23",23,3,0,0,228,228,1,0,1,0,1,5.43372200355424,0,0,8,0
"357","23",23,4,0,0,228,228,1,0,1,0,1,5.43372200355424,0,0,8,0
"358","23",23,5,2,0,228,228,1,2,0.991266375545852,0.00877198607283704,1,5.43372200355424,0.00161436048202304,0.0087719298245614,8,0.0129148838561843
"359","23",23,6,204,0,228,228,1,206,0.100436681222707,2.28945580155225,1,5.43372200355424,0.421342092962191,0.894736842105263,8,3.37073674369753
"360","23",23,7,19,0,228,228,1,225,0.0174672489082969,1.74919985480926,1,5.43372200355424,0.321915595546679,0.0833333333333333,8,2.57532476437343
"361","23",23,8,1,0,228,228,1,226,0.0131004366812227,0.287682072451781,1,5.43372200355424,0.0529438333914775,0.0043859649122807,8,0.42355066713182
"362","23",23,9,2,0,228,228,1,228,0.00436681222707424,1.09861228866811,1,5.43372200355424,0.202184117617629,0.0087719298245614,8,1.61747294094103
"363","23",23,10,0,0,228,228,1,228,0.00436681222707424,0,1,5.43372200355424,0,0,8,0
"364","23",23,11,0,0,228,228,1,228,0.00436681222707424,0,1,5.43372200355424,0,0,8,0
"365","23",23,12,0,0,228,228,1,228,0.00436681222707424,0,1,5.43372200355424,0,0,8,0
"366","23",23,13,0,0,228,228,1,228,0.00436681222707424,0,1,5.43372200355424,0,0,8,0
"367","23",23,14,0,0,228,228,1,228,0.00436681222707424,0,1,5.43372200355424,0,0,8,0
"368","23",23,15,0,0,228,228,1,228,0.00436681222707424,0,1,5.43372200355424,0,0,8,0
"369","24",24,0,0,0,228,228,1,0,1,0,1,5.43372200355424,0,0,8,0
"370","24",24,1,0,0,228,228,1,0,1,0,1,5.43372200355424,0,0,8,0
"371","24",24,2,0,0,228,228,1,0,1,0,1,5.43372200355424,0,0,8,0
"372","24",24,3,0,0,228,228,1,0,1,0,1,5.43372200355424,0,0,8,0
"373","24",24,4,51,0,228,228,1,51,0.777292576419214,0.251938453262154,1,5.43372200355424,0.0463657237336322,0.223684210526316,8,0.370925789869058
"374","24",24,5,152,0,228,228,1,203,0.11353711790393,1.9236870122706,1,5.43372200355424,0.354027499200788,0.666666666666667,8,2.8322199936063
"375","24",24,6,25,0,228,228,1,228,0.00436681222707424,3.25809653802148,1,5.43372200355424,0.59960677706558,0.109649122807018,8,4.79685421652464
"376","24",24,7,0,0,228,228,1,228,0.00436681222707424,0,1,5.43372200355424,0,0,8,0
"377","24",24,8,0,0,228,228,1,228,0.00436681222707424,0,1,5.43372200355424,0,0,8,0
"378","24",24,9,0,0,228,228,1,228,0.00436681222707424,0,1,5.43372200355424,0,0,8,0
"379","24",24,10,0,0,228,228,1,228,0.00436681222707424,0,1,5.43372200355424,0,0,8,0
"380","24",24,11,0,0,228,228,1,228,0.00436681222707424,0,1,5.43372200355424,0,0,8,0
"381","24",24,12,0,0,228,228,1,228,0.00436681222707424,0,1,5.43372200355424,0,0,8,0
"382","24",24,13,0,0,228,228,1,228,0.00436681222707424,0,1,5.43372200355424,0,0,8,0
"383","24",24,14,0,0,228,228,1,228,0.00436681222707424,0,1,5.43372200355424,0,0,8,0
"384","24",24,15,0,0,228,228,1,228,0.00436681222707424,0,1,5.43372200355424,0,0,8,0
"385","25",25,0,0,0,221,229,1,0,1,0,1,5.39816270151775,0,0,5.88968713777837,0
"386","25",25,1,0,0,221,229,1,0,1,0,1,5.39816270151775,0,0,5.88968713777837,0
"387","25",25,2,0,0,221,229,1,0,1,0,1,5.39816270151775,0,0,5.88968713777837,0
"388","25",25,3,0,0,221,229,1,0,1,0,1,5.39816270151775,0,0,5.88968713777837,0
"389","25",25,4,38,8,221,229,1,38,0.828054298642534,0.188676548676332,1,5.39816270151775,0.0349519936891275,0.171945701357466,5.88968713777837,1.01270638568135
"390","25",25,5,135,8,221,229,1,173,0.217194570135747,1.33828514193353,1,5.39816270151775,0.247914932530147,0.610859728506787,5.88968713777837,3.59777268597321
"391","25",25,6,47,8,221,229,1,220,0.00452488687782805,3.87120101090789,1,5.39816270151775,0.717133073780725,0.212669683257919,5.88968713777837,1.25255789807956
"392","25",25,7,1,8,221,229,1,221,0,0,1,5.39816270151775,0,0.00452488687782805,5.88968713777837,0.026650168044246
"393","25",25,8,0,0,221,229,1,221,0,0,1,5.39816270151775,0,0,5.88968713777837,0
"394","25",25,9,0,0,221,229,1,221,0,0,1,5.39816270151775,0,0,5.88968713777837,0
"395","25",25,10,0,0,221,229,1,221,0,0,1,5.39816270151775,0,0,5.88968713777837,0
"396","25",25,11,0,0,221,229,1,221,0,0,1,5.39816270151775,0,0,5.88968713777837,0
"397","25",25,12,0,0,221,229,1,221,0,0,1,5.39816270151775,0,0,5.88968713777837,0
"398","25",25,13,0,0,221,229,1,221,0,0,1,5.39816270151775,0,0,5.88968713777837,0
"399","25",25,14,0,0,221,229,1,221,0,0,1,5.39816270151775,0,0,5.88968713777837,0
"400","25",25,15,0,0,221,229,1,221,0,0,1,5.39816270151775,0,0,5.88968713777837,0
"401","26",26,0,0,0,227,228,1,0,1,0,1,1.81403210483718,0,0,7.5777291483534,0
"402","26",26,1,0,0,227,228,1,0,1,0,1,1.81403210483718,0,0,7.5777291483534,0
"403","26",26,2,0,0,227,228,1,0,1,0,1,1.81403210483718,0,0,7.5777291483534,0
"404","26",26,3,0,0,227,228,1,0,1,0,1,1.81403210483718,0,0,7.5777291483534,0
"405","26",26,4,0,0,227,228,1,0,1,0,1,1.81403210483718,0,0,7.5777291483534,0
"406","26",26,5,5,1,227,228,1,5,0.977973568281938,0.0222726356091232,1,1.81403210483718,0.0122779721206325,0.0220264317180617,7.5777291483534,0.166910333664172
"407","26",26,6,40,1,227,228,1,45,0.801762114537445,0.198670694795484,1,1.81403210483718,0.10951884162674,0.176211453744493,7.5777291483534,1.33528266931337
"408","26",26,7,0,0,227,228,1,45,0.801762114537445,0,1,1.81403210483718,0,0,7.5777291483534,0
"409","26",26,8,2,1,227,228,1,47,0.79295154185022,0.0110498361865852,1,1.81403210483718,0.00609131236273073,0.00881057268722467,7.5777291483534,0.0667641334656687
"410","26",26,9,135,1,227,228,1,182,0.198237885462555,1.38629436111989,1,1.81403210483718,0.764206078505055,0.594713656387665,7.5777291483534,4.50657900893264
"411","26",26,10,0,0,227,228,1,182,0.198237885462555,0,1,1.81403210483718,0,0,7.5777291483534,0
"412","26",26,11,8,1,227,228,1,190,0.162995594713656,0.195744577126095,1,1.81403210483718,0.107905795384842,0.0352422907488987,7.5777291483534,0.267056533862675
"413","26",26,12,37,1,227,228,1,227,0,0,1,1.81403210483718,0,0.162995594713656,7.5777291483534,1.23513646911487
"414","26",26,13,0,0,227,228,1,227,0,0,1,1.81403210483718,0,0,7.5777291483534,0
"415","26",26,14,0,0,227,228,1,227,0,0,1,1.81403210483718,0,0,7.5777291483534,0
"416","26",26,15,0,0,227,228,1,227,0,0,1,1.81403210483718,0,0,7.5777291483534,0
"417","27",27,0,0,0,213,228,1,0,1,0,1,2.65324196460721,0,0,4.98023714465517,0
"418","27",27,1,0,0,213,228,1,0,1,0,1,2.65324196460721,0,0,4.98023714465517,0
"419","27",27,2,0,0,213,228,1,0,1,0,1,2.65324196460721,0,0,4.98023714465517,0
"420","27",27,3,0,0,213,228,1,0,1,0,1,2.65324196460721,0,0,4.98023714465517,0
"421","27",27,4,0,0,213,228,1,0,1,0,1,2.65324196460721,0,0,4.98023714465517,0
"422","27",27,5,0,0,213,228,1,0,1,0,1,2.65324196460721,0,0,4.98023714465517,0
"423","27",27,6,0,0,213,228,1,0,1,0,1,2.65324196460721,0,0,4.98023714465517,0
"424","27",27,7,43,15,213,228,1,43,0.7981220657277,0.225493728659163,1,2.65324196460721,0.0849880002152557,0.2018779342723,4.98023714465517,1.00539998694917
"425","27",27,8,25,15,213,228,1,68,0.68075117370892,0.159064694629687,1,2.65324196460721,0.0599510699557457,0.117370892018779,4.98023714465517,0.584534876133236
"426","27",27,9,36,15,213,228,1,104,0.511737089201878,0.285385860191431,1,2.65324196460721,0.107561188914664,0.169014084507042,4.98023714465517,0.84173022163186
"427","27",27,10,94,15,213,228,1,198,0.0704225352112676,1.98329768112693,1,2.65324196460721,0.747499740914335,0.44131455399061,4.98023714465517,2.19785113426097
"428","27",27,11,15,15,213,228,1,213,0,0,1,2.65324196460721,0,0.0704225352112676,4.98023714465517,0.350720925679942
"429","27",27,12,0,0,213,228,1,213,0,0,1,2.65324196460721,0,0,4.98023714465517,0
"430","27",27,13,0,0,213,228,1,213,0,0,1,2.65324196460721,0,0,4.98023714465517,0
"431","27",27,14,0,0,213,228,1,213,0,0,1,2.65324196460721,0,0,4.98023714465517,0
"432","27",27,15,0,0,213,228,1,213,0,0,1,2.65324196460721,0,0,4.98023714465517,0
"433","28",28,0,0,0,26,228,1,0,1,0,1,0,0,0,0.237446495056117,0
"434","28",28,1,0,0,26,228,1,0,1,0,1,0,0,0,0.237446495056117,0
"435","28",28,2,0,0,26,228,1,0,1,0,1,0,0,0,0.237446495056117,0
"436","28",28,3,0,0,26,228,1,0,1,0,1,0,0,0,0.237446495056117,0
"437","28",28,4,0,0,26,228,1,0,1,0,1,0,0,0,0.237446495056117,0
"438","28",28,5,0,0,26,228,1,0,1,0,1,0,0,0,0.237446495056117,0
"439","28",28,6,0,0,26,228,1,0,1,0,1,0,0,0,0.237446495056117,0
"440","28",28,7,0,0,26,228,1,0,1,0,1,0,0,0,0.237446495056117,0
"441","28",28,8,0,0,26,228,1,0,1,0,1,0,0,0,0.237446495056117,0
"442","28",28,9,0,0,26,228,1,0,1,0,1,0,0,0,0.237446495056117,0
"443","28",28,10,26,202,26,228,1,26,0,0,1,0,0,1,0.237446495056117,0.237446495056117
"444","28",28,11,0,0,26,228,1,26,0,0,1,0,0,0,0.237446495056117,0
"445","28",28,12,0,0,26,228,1,26,0,0,1,0,0,0,0.237446495056117,0
"446","28",28,13,0,0,26,228,1,26,0,0,1,0,0,0,0.237446495056117,0
"447","28",28,14,0,0,26,228,1,26,0,0,1,0,0,0,0.237446495056117,0
"448","28",28,15,0,0,26,228,1,26,0,0,1,0,0,0,0.237446495056117,0
"449","29",29,0,0,0,9,228,1,0,1,0,1,0,0,0,0.0790429695680978,0
"450","29",29,1,0,0,9,228,1,0,1,0,1,0,0,0,0.0790429695680978,0
"451","29",29,2,0,0,9,228,1,0,1,0,1,0,0,0,0.0790429695680978,0
"452","29",29,3,0,0,9,228,1,0,1,0,1,0,0,0,0.0790429695680978,0
"453","29",29,4,0,0,9,228,1,0,1,0,1,0,0,0,0.0790429695680978,0
"454","29",29,5,0,0,9,228,1,0,1,0,1,0,0,0,0.0790429695680978,0
"455","29",29,6,0,0,9,228,1,0,1,0,1,0,0,0,0.0790429695680978,0
"456","29",29,7,9,219,9,228,1,9,0,0,1,0,0,1,0.0790429695680978,0.0790429695680978
"457","29",29,8,0,0,9,228,1,9,0,0,1,0,0,0,0.0790429695680978,0
"458","29",29,9,0,0,9,228,1,9,0,0,1,0,0,0,0.0790429695680978,0
"459","29",29,10,0,0,9,228,1,9,0,0,1,0,0,0,0.0790429695680978,0
"460","29",29,11,0,0,9,228,1,9,0,0,1,0,0,0,0.0790429695680978,0
"461","29",29,12,0,0,9,228,1,9,0,0,1,0,0,0,0.0790429695680978,0
"462","29",29,13,0,0,9,228,1,9,0,0,1,0,0,0,0.0790429695680978,0
"463","29",29,14,0,0,9,228,1,9,0,0,1,0,0,0,0.0790429695680978,0
"464","29",29,15,0,0,9,228,1,9,0,0,1,0,0,0,0.0790429695680978,0
"465","30",30,0,0,0,1,228,1,0,1,0,1,0,0,0,0.00862985818815529,0
"466","30",30,1,0,0,1,228,1,0,1,0,1,0,0,0,0.00862985818815529,0
"467","30",30,2,0,0,1,228,1,0,1,0,1,0,0,0,0.00862985818815529,0
"468","30",30,3,0,0,1,228,1,0,1,0,1,0,0,0,0.00862985818815529,0
"469","30",30,4,0,0,1,228,1,0,1,0,1,0,0,0,0.00862985818815529,0
"470","30",30,5,0,0,1,228,1,0,1,0,1,0,0,0,0.00862985818815529,0
"471","30",30,6,0,0,1,228,1,0,1,0,1,0,0,0,0.00862985818815529,0
"472","30",30,7,1,227,1,228,1,1,0,0,1,0,0,1,0.00862985818815529,0.00862985818815529
"473","30",30,8,0,0,1,228,1,1,0,0,1,0,0,0,0.00862985818815529,0
"474","30",30,9,0,0,1,228,1,1,0,0,1,0,0,0,0.00862985818815529,0
"475","30",30,10,0,0,1,228,1,1,0,0,1,0,0,0,0.00862985818815529,0
"476","30",30,11,0,0,1,228,1,1,0,0,1,0,0,0,0.00862985818815529,0
"477","30",30,12,0,0,1,228,1,1,0,0,1,0,0,0,0.00862985818815529,0
"478","30",30,13,0,0,1,228,1,1,0,0,1,0,0,0,0.00862985818815529,0
"479","30",30,14,0,0,1,228,1,1,0,0,1,0,0,0,0.00862985818815529,0
"480","30",30,15,0,0,1,228,1,1,0,0,1,0,0,0,0.00862985818815529,0
"481","31",31,0,0,269,0,269,1,0,0,0,1,0,0,0,0,0
"482","31",31,1,0,0,0,269,1,0,0,0,1,0,0,0,0,0
"483","31",31,2,0,0,0,269,1,0,0,0,1,0,0,0,0,0
"484","31",31,3,0,0,0,269,1,0,0,0,1,0,0,0,0,0
"485","31",31,4,0,0,0,269,1,0,0,0,1,0,0,0,0,0
"486","31",31,5,0,0,0,269,1,0,0,0,1,0,0,0,0,0
"487","31",31,6,0,0,0,269,1,0,0,0,1,0,0,0,0,0
"488","31",31,7,0,0,0,269,1,0,0,0,1,0,0,0,0,0
"489","31",31,8,0,0,0,269,1,0,0,0,1,0,0,0,0,0
"490","31",31,9,0,0,0,269,1,0,0,0,1,0,0,0,0,0
"491","31",31,10,0,0,0,269,1,0,0,0,1,0,0,0,0,0
"492","31",31,11,0,0,0,269,1,0,0,0,1,0,0,0,0,0
"493","31",31,12,0,0,0,269,1,0,0,0,1,0,0,0,0,0
"494","31",31,13,0,0,0,269,1,0,0,0,1,0,0,0,0,0
"495","31",31,14,0,0,0,269,1,0,0,0,1,0,0,0,0,0
"496","31",31,15,0,0,0,269,1,0,0,0,1,0,0,0,0,0
"497","32",32,0,0,268,0,268,1,0,0,0,1,0,0,0,0,0
"498","32",32,1,0,0,0,268,1,0,0,0,1,0,0,0,0,0
"499","32",32,2,0,0,0,268,1,0,0,0,1,0,0,0,0,0
"500","32",32,3,0,0,0,268,1,0,0,0,1,0,0,0,0,0
"501","32",32,4,0,0,0,268,1,0,0,0,1,0,0,0,0,0
"502","32",32,5,0,0,0,268,1,0,0,0,1,0,0,0,0,0
"503","32",32,6,0,0,0,268,1,0,0,0,1,0,0,0,0,0
"504","32",32,7,0,0,0,268,1,0,0,0,1,0,0,0,0,0
"505","32",32,8,0,0,0,268,1,0,0,0,1,0,0,0,0,0
"506","32",32,9,0,0,0,268,1,0,0,0,1,0,0,0,0,0
"507","32",32,10,0,0,0,268,1,0,0,0,1,0,0,0,0,0
"508","32",32,11,0,0,0,268,1,0,0,0,1,0,0,0,0,0
"509","32",32,12,0,0,0,268,1,0,0,0,1,0,0,0,0,0
"510","32",32,13,0,0,0,268,1,0,0,0,1,0,0,0,0,0
"511","32",32,14,0,0,0,268,1,0,0,0,1,0,0,0,0,0
"512","32",32,15,0,0,0,268,1,0,0,0,1,0,0,0,0,0
"513","33",33,0,0,268,0,268,1,0,0,0,1,0,0,0,0,0
"514","33",33,1,0,0,0,268,1,0,0,0,1,0,0,0,0,0
"515","33",33,2,0,0,0,268,1,0,0,0,1,0,0,0,0,0
"516","33",33,3,0,0,0,268,1,0,0,0,1,0,0,0,0,0
"517","33",33,4,0,0,0,268,1,0,0,0,1,0,0,0,0,0
"518","33",33,5,0,0,0,268,1,0,0,0,1,0,0,0,0,0
"519","33",33,6,0,0,0,268,1,0,0,0,1,0,0,0,0,0
"520","33",33,7,0,0,0,268,1,0,0,0,1,0,0,0,0,0
"521","33",33,8,0,0,0,268,1,0,0,0,1,0,0,0,0,0
"522","33",33,9,0,0,0,268,1,0,0,0,1,0,0,0,0,0
"523","33",33,10,0,0,0,268,1,0,0,0,1,0,0,0,0,0
"524","33",33,11,0,0,0,268,1,0,0,0,1,0,0,0,0,0
"525","33",33,12,0,0,0,268,1,0,0,0,1,0,0,0,0,0
"526","33",33,13,0,0,0,268,1,0,0,0,1,0,0,0,0,0
"527","33",33,14,0,0,0,268,1,0,0,0,1,0,0,0,0,0
"528","33",33,15,0,0,0,268,1,0,0,0,1,0,0,0,0,0
"529","34",34,0,0,268,0,268,1,0,0,0,1,0,0,0,0,0
"530","34",34,1,0,0,0,268,1,0,0,0,1,0,0,0,0,0
"531","34",34,2,0,0,0,268,1,0,0,0,1,0,0,0,0,0
"532","34",34,3,0,0,0,268,1,0,0,0,1,0,0,0,0,0
"533","34",34,4,0,0,0,268,1,0,0,0,1,0,0,0,0,0
"534","34",34,5,0,0,0,268,1,0,0,0,1,0,0,0,0,0
"535","34",34,6,0,0,0,268,1,0,0,0,1,0,0,0,0,0
"536","34",34,7,0,0,0,268,1,0,0,0,1,0,0,0,0,0
"537","34",34,8,0,0,0,268,1,0,0,0,1,0,0,0,0,0
"538","34",34,9,0,0,0,268,1,0,0,0,1,0,0,0,0,0
"539","34",34,10,0,0,0,268,1,0,0,0,1,0,0,0,0,0
"540","34",34,11,0,0,0,268,1,0,0,0,1,0,0,0,0,0
"541","34",34,12,0,0,0,268,1,0,0,0,1,0,0,0,0,0
"542","34",34,13,0,0,0,268,1,0,0,0,1,0,0,0,0,0
"543","34",34,14,0,0,0,268,1,0,0,0,1,0,0,0,0,0
"544","34",34,15,0,0,0,268,1,0,0,0,1,0,0,0,0,0
"545","35",35,0,0,268,0,268,1,0,0,0,1,0,0,0,0,0
"546","35",35,1,0,0,0,268,1,0,0,0,1,0,0,0,0,0
"547","35",35,2,0,0,0,268,1,0,0,0,1,0,0,0,0,0
"548","35",35,3,0,0,0,268,1,0,0,0,1,0,0,0,0,0
"549","35",35,4,0,0,0,268,1,0,0,0,1,0,0,0,0,0
"550","35",35,5,0,0,0,268,1,0,0,0,1,0,0,0,0,0
"551","35",35,6,0,0,0,268,1,0,0,0,1,0,0,0,0,0
"552","35",35,7,0,0,0,268,1,0,0,0,1,0,0,0,0,0
"553","35",35,8,0,0,0,268,1,0,0,0,1,0,0,0,0,0
"554","35",35,9,0,0,0,268,1,0,0,0,1,0,0,0,0,0
"555","35",35,10,0,0,0,268,1,0,0,0,1,0,0,0,0,0
"556","35",35,11,0,0,0,268,1,0,0,0,1,0,0,0,0,0
"557","35",35,12,0,0,0,268,1,0,0,0,1,0,0,0,0,0
"558","35",35,13,0,0,0,268,1,0,0,0,1,0,0,0,0,0
"559","35",35,14,0,0,0,268,1,0,0,0,1,0,0,0,0,0
"560","35",35,15,0,0,0,268,1,0,0,0,1,0,0,0,0,0
"561","36",36,0,0,268,0,268,1,0,0,0,1,0,0,0,0,0
"562","36",36,1,0,0,0,268,1,0,0,0,1,0,0,0,0,0
"563","36",36,2,0,0,0,268,1,0,0,0,1,0,0,0,0,0
"564","36",36,3,0,0,0,268,1,0,0,0,1,0,0,0,0,0
"565","36",36,4,0,0,0,268,1,0,0,0,1,0,0,0,0,0
"566","36",36,5,0,0,0,268,1,0,0,0,1,0,0,0,0,0
"567","36",36,6,0,0,0,268,1,0,0,0,1,0,0,0,0,0
"568","36",36,7,0,0,0,268,1,0,0,0,1,0,0,0,0,0
"569","36",36,8,0,0,0,268,1,0,0,0,1,0,0,0,0,0
"570","36",36,9,0,0,0,268,1,0,0,0,1,0,0,0,0,0
"571","36",36,10,0,0,0,268,1,0,0,0,1,0,0,0,0,0
"572","36",36,11,0,0,0,268,1,0,0,0,1,0,0,0,0,0
"573","36",36,12,0,0,0,268,1,0,0,0,1,0,0,0,0,0
"574","36",36,13,0,0,0,268,1,0,0,0,1,0,0,0,0,0
"575","36",36,14,0,0,0,268,1,0,0,0,1,0,0,0,0,0
"576","36",36,15,0,0,0,268,1,0,0,0,1,0,0,0,0,0
"577","37",37,0,0,268,0,268,1,0,0,0,1,0,0,0,0,0
"578","37",37,1,0,0,0,268,1,0,0,0,1,0,0,0,0,0
"579","37",37,2,0,0,0,268,1,0,0,0,1,0,0,0,0,0
"580","37",37,3,0,0,0,268,1,0,0,0,1,0,0,0,0,0
"581","37",37,4,0,0,0,268,1,0,0,0,1,0,0,0,0,0
"582","37",37,5,0,0,0,268,1,0,0,0,1,0,0,0,0,0
"583","37",37,6,0,0,0,268,1,0,0,0,1,0,0,0,0,0
"584","37",37,7,0,0,0,268,1,0,0,0,1,0,0,0,0,0
"585","37",37,8,0,0,0,268,1,0,0,0,1,0,0,0,0,0
"586","37",37,9,0,0,0,268,1,0,0,0,1,0,0,0,0,0
"587","37",37,10,0,0,0,268,1,0,0,0,1,0,0,0,0,0
"588","37",37,11,0,0,0,268,1,0,0,0,1,0,0,0,0,0
"589","37",37,12,0,0,0,268,1,0,0,0,1,0,0,0,0,0
"590","37",37,13,0,0,0,268,1,0,0,0,1,0,0,0,0,0
"591","37",37,14,0,0,0,268,1,0,0,0,1,0,0,0,0,0
"592","37",37,15,0,0,0,268,1,0,0,0,1,0,0,0,0,0
"593","38",38,0,0,268,0,268,1,0,0,0,1,0,0,0,0,0
"594","38",38,1,0,0,0,268,1,0,0,0,1,0,0,0,0,0
"595","38",38,2,0,0,0,268,1,0,0,0,1,0,0,0,0,0
"596","38",38,3,0,0,0,268,1,0,0,0,1,0,0,0,0,0
"597","38",38,4,0,0,0,268,1,0,0,0,1,0,0,0,0,0
"598","38",38,5,0,0,0,268,1,0,0,0,1,0,0,0,0,0
"599","38",38,6,0,0,0,268,1,0,0,0,1,0,0,0,0,0
"600","38",38,7,0,0,0,268,1,0,0,0,1,0,0,0,0,0
"601","38",38,8,0,0,0,268,1,0,0,0,1,0,0,0,0,0
"602","38",38,9,0,0,0,268,1,0,0,0,1,0,0,0,0,0
"603","38",38,10,0,0,0,268,1,0,0,0,1,0,0,0,0,0
"604","38",38,11,0,0,0,268,1,0,0,0,1,0,0,0,0,0
"605","38",38,12,0,0,0,268,1,0,0,0,1,0,0,0,0,0
"606","38",38,13,0,0,0,268,1,0,0,0,1,0,0,0,0,0
"607","38",38,14,0,0,0,268,1,0,0,0,1,0,0,0,0,0
"608","38",38,15,0,0,0,268,1,0,0,0,1,0,0,0,0,0
"609","39",39,0,0,268,0,268,1,0,0,0,1,0,0,0,0,0
"610","39",39,1,0,0,0,268,1,0,0,0,1,0,0,0,0,0
"611","39",39,2,0,0,0,268,1,0,0,0,1,0,0,0,0,0
"612","39",39,3,0,0,0,268,1,0,0,0,1,0,0,0,0,0
"613","39",39,4,0,0,0,268,1,0,0,0,1,0,0,0,0,0
"614","39",39,5,0,0,0,268,1,0,0,0,1,0,0,0,0,0
"615","39",39,6,0,0,0,268,1,0,0,0,1,0,0,0,0,0
"616","39",39,7,0,0,0,268,1,0,0,0,1,0,0,0,0,0
"617","39",39,8,0,0,0,268,1,0,0,0,1,0,0,0,0,0
"618","39",39,9,0,0,0,268,1,0,0,0,1,0,0,0,0,0
"619","39",39,10,0,0,0,268,1,0,0,0,1,0,0,0,0,0
"620","39",39,11,0,0,0,268,1,0,0,0,1,0,0,0,0,0
"621","39",39,12,0,0,0,268,1,0,0,0,1,0,0,0,0,0
"622","39",39,13,0,0,0,268,1,0,0,0,1,0,0,0,0,0
"623","39",39,14,0,0,0,268,1,0,0,0,1,0,0,0,0,0
"624","39",39,15,0,0,0,268,1,0,0,0,1,0,0,0,0,0
"625","40",40,0,0,268,0,268,1,0,0,0,1,0,0,0,0,0
"626","40",40,1,0,0,0,268,1,0,0,0,1,0,0,0,0,0
"627","40",40,2,0,0,0,268,1,0,0,0,1,0,0,0,0,0
"628","40",40,3,0,0,0,268,1,0,0,0,1,0,0,0,0,0
"629","40",40,4,0,0,0,268,1,0,0,0,1,0,0,0,0,0
"630","40",40,5,0,0,0,268,1,0,0,0,1,0,0,0,0,0
"631","40",40,6,0,0,0,268,1,0,0,0,1,0,0,0,0,0
"632","40",40,7,0,0,0,268,1,0,0,0,1,0,0,0,0,0
"633","40",40,8,0,0,0,268,1,0,0,0,1,0,0,0,0,0
"634","40",40,9,0,0,0,268,1,0,0,0,1,0,0,0,0,0
"635","40",40,10,0,0,0,268,1,0,0,0,1,0,0,0,0,0
"636","40",40,11,0,0,0,268,1,0,0,0,1,0,0,0,0,0
"637","40",40,12,0,0,0,268,1,0,0,0,1,0,0,0,0,0
"638","40",40,13,0,0,0,268,1,0,0,0,1,0,0,0,0,0
"639","40",40,14,0,0,0,268,1,0,0,0,1,0,0,0,0,0
"640","40",40,15,0,0,0,268,1,0,0,0,1,0,0,0,0,0
